"QUERY","ID"
world cup socer historia,6482934
socer world cup,4494064
free fifa world cup cursors,220943
casio fifa world cup watch,333052
fifa worldcup,337204
"2006 fifa world cup soccer",462863
fifa worldcup .com,541939
fifa.worldcup.com,568205
"2006fifaworldcup.com",616799
"2006 fifa world cup",662412
ps2 fifa world cup germany 2006 team roster,10016392
"2006 fifa world cup - preliminaries photos",9960687
fifaworldcup.com,9756366
spain's chances in 2006 fifa world cup,9691987
fifa world cup ranking,9633936
"2006 fifa world cup host cities",9513717
"2006 world cup fifa",9481664
fifa 06 world cup commercial on espn and espn 2,9427909
where to buy 2006 fifa world cup panini album,9165497
juan pirata fuente fifa world cup 1930,9125651
fifa world cup 1998 3rd place finish,9107147
fifa world cup 1998 bracet board,8955932
fif world cup,8925162
www.fifa.worldcup.com,8868998
fifa world cup germany 2006 sticker album,8853634
adidas 2006 fifa world cup track jackets,8789867
paninigroup.com 2006fifaworldcup home.asp,8640806
www.fifa2006worldcup.com,8629629
fifasworldcup,8415458
fifaworldcupgames1990,8297061
"2006 fifa world cup game for ps2",8084011
fifa world cup,8088567
fifa world cup 1998 final four standing,8066498
fifa world cup 1940,7958957
fifa world cup shirts,7960447
www.fifaworldcup.html,7905953
fifaworldcuptickets,7757825
the head of fifa said bird flu could force the cancellation of june;s world cup in germany in what sport,7631218
fifa world cup sticker album,7412721
fifa world cup tickets,7243714
mexican players fifa world cup,7148570
"1930 fifa world cup penalty shot by mexico",7095843
www fifa world cup calendar.com,6987516
fifa world cup germany 2006,6931730
fifa world cup schedule,6892893
www.population fifa world cup.yahoo.com,6852443
www.fifa world cup.com,6804543
fifa world cup 2005,6805874
http www.fifaworldcup.com 06 en tickets taf.html,6788053
teams qualifying for the fifa world cup 2006,6758044
structure of fifa world cup,6737976
www.fifaworldcup..com,6603245
fifa 06 world cup commercial,6402547
fifa geremay world cup tour ticket price,6314987
fifa world cup 1994,6279169
www.2006fifaworldcup.com,6161034
fifaworldcup.yahoo.com,6030550
www.worldcup.fifa.com,6017999
fifa world cup 2006,5731334
free fifa 2006 world cup cursors,5606823
fifa world cup germany 2006 game,5531703
fifa2006 world cup,5158725
ps2 fifa world cup germany 2006,4803337
fifa world cup 1930 first mexican to score penalty shot,4622059
www.fifaworldcup.c,4595724
fifa world cup germany 2006 ps2,4437026
www.fifa world cup.yahoo.com,4333608
www. fifa 2006 world cup.com,4165954
"1930 fifa world cup penal shot by mexico",4063374
fifa world cup.com,3889382
msn.comfifaworldcup.com,3854836
tournament structure of fifa world cup,3632991
fifa world cup germany,3614245
fifa 2006 road to the world cup review,3586398
"1930 fifa world cup",3514318
"2002 fifa world cup",3485260
fifaworldcupespn,3447881
www.fifaworldcup.com 06 de tickets selfservice.html,3396350
fifa world cup 1998,3352684
fifa world cup 1998 4th place finish,3163826
http fifa world cup.com,2875931
www fifaworldcup2006.com,2781602
fifaworldcup,2678957
fifaworldcup.yahoo.com',2633932
fifa world cupc,2544610
www.2006 fifaworldcup,2531819
espn fifa 06 world cup commercial,2536656
world cup fifa,2515122
fifa world cup 1990,2312155
www.fifa world cup 2006.com,2288967
fifa 2006 world cup,2148770
fifa world cup 1998 standing,1482162
fifa world cup 2002,1892555
fifa worldcup 2006,1816190
www.fifaworldcup.com,1544263
fifa.worldcup.co,1515710
history of fifa world cup,1468468
www.fifaworldcup,1409014
http www.2006 fifa world cup.com,1302267
world cup mascotsevery world cup has its own mascot. for 2006 we have the all-singing all-dancing goleo iv and his friend pille a talking football. have you ever wondered what kind of mascots there were in previous world cups check out mascots from over the years and vote for your favourite 2006 germany - goleo vimeet goleo vi the official mascot of the 2006 fifa world cup. along with his sidekick pille the talking football his job is to make the world cup a rrroaring success,1245327
"2006 fifa world cup panini album",1214432
wwwfifaworldcup.yahoo.com,941964
channels to watch fifa world cup,853340
official fifa worldcup site,811257
http www.the fifa world cup.com,792619
adidas 2006 teamgeist fifa world cup official match ball,194803
italy soccer world cup,3203
www.worldcupsoccer,34510
soccer world cup eastern time for games,56617
world cup soccer final,346803
world cup soccer clothes,424064
out ot 71natlons brdzll hds oppedred in the most world cup soccer tourndments-17timesl.,490015
video of 1972 world cup soccer,526897
soccer worldcup,672533
us world cup soccer team,10131433
soccer world cup polish national team,10031477
soccerworldcup.com,9987495
soccer world cup estern time,9768982
world cup soccer rules,9723876
"2006 soccer world cup",9678187
africa world cup soccer,9465048
portugal world cup soccer team,9472071
world cup soccer information,9472505
worlds women soccer cup 1999,9399477
world cup soccer matches in england,9277569
coke world cup soccer,9004417
worldcup soccer goldtrophy,8945640
soccer world cup christian,8931778
world cup soccer fan forum,8932178
us national soccer world cup 2006 team,8827346
last years world cup of soccer,8827567
www.worldcup2006usasoccerteam.com,8777432
worldcupsoccer.org,8722312
u.s. soccer world cup,8631676
world cup soccer packeges,8624335
world cup soccer 2006 tv schedule,8541517
world cup soccer television broadcasts,8362839
world cup soccer jerseys,8096897
worldcupsoccer,8101056
worldcup 2006 soccer,8093965
world cup soccer in munich,8059532
soccer world cup england,8017202
friisco world cup soccer texas,7936514
worldcupsoccer game,7815336
best of world cup soccer,7819891
www.world cup soccer.com,7357774
u.s.world cup soccer team,7145909
world cup soccer groups,7031988
soccer world cup eastern time,6998742
worldcup soccer,6971539
world cup soccer sleeepng bag,6842061
world cup of soccer,6831206
worldcup soccer statue,6828698
worldcup soccer 2006 fixtures,6825570
www.worldcupsoccerpools.com,6748058
world cup soccer on television,6669255
"2006worldcupsoccer.com",6541667
www.world cup slime soccer.com,6491984
worldcup soccer 2006,6432503
world cup soccer history,6438060
world cup soccer t-shirts,6308419
soccer world cup fixture,6185408
portugal soccer world cup,6197568
world cup soccer start date,6147047
world cup soccer results,5958099
worldcup soccer medal,5898494
world cup soccer clothing line,5842317
world soccer cup,5805885
"2006 world cup soccer schedule",5465725
www.worldcupsoccer2006,5466394
pedro kozak world cup soccer,5451523
women's world cup soccer,5419451
"2006 world cup soccer bal",5363959
world soccer cup 2006,5312587
friendly international soccer scores world cup,5244013
"1973 world cup soccer",5126224
soccer. com worldcuptrivia,5082635
world cup soccer france,5022328
world soccer cup song,4688095
usa world cup soccer,4636439
world cup soccer schedule,4533686
soccer world cup schedule,4423591
world cup soccer games,4414204
world cup soccer trip packages,4349580
worldcup soccer trophy,4320248
"2006 world cup soccer",4320932
www.worldcupsoccer.com,4053453
espn world cup soccer,3680868
soccer world cups,3462209
the new world cup 2006 soccer ball,3199871
worldcupsoccer.com,3029843
portuguese world cup soccer team,3017978
world cup soccer 2004,2998520
world cup soccer munich,2998587
music world cup soccer 2006,2853976
worldcupsoccer2006gametimes,2777707
"2006 world cup soccer tv schedule",2703588
rules on advancement at world cup soccer,2650883
world cup soccer balls,2547687
world soccer cup song in spanish,2468677
world cup soccer texas,2329469
world cup soccer tv,2313582
soccer tickets world cup germany,2192651
worldcupsoccer2006,2193164
world cup soccer 2006,2044158
world cup soccer championships,1903181
soccer world cup,1738648
us mens world cup soccer team,1502583
world cup soccer,1487555
world cup soccer highlights,1180801
world cup soccer sleeping bag,933552
world soccer cup germany 2006,763578
"2006 fifa world cup soccer",462863
fifaworldcut2006.com,6836490
www.fifaworlccup.com,8372610
fifaworldcop.yahoo.com,5953211
adidas 2006 teamgeist fifa world cup official match ball,194803
www.worlfifacup2006.com,235527
"2006 fifa world cup soccer",462863
"2006fifaworldcup.com",616799
"2006 fifa world cup",662412
ps2 fifa world cup germany 2006 team roster,10016392
"2006 fifa world cup - preliminaries photos",9960687
spain's chances in 2006 fifa world cup,9691987
"2006 fifa world cup host cities",9513717
"2006 world cup fifa",9481664
where to buy 2006 fifa world cup panini album,9165497
fifa world cup germany 2006 sticker album,8853634
adidas 2006 fifa world cup track jackets,8789867
paninigroup.com 2006fifaworldcup home.asp,8640806
www.fifa2006worldcup.com,8629629
"2006 fifa world cup game for ps2",8084011
fifa wrold cup 2006,7464663
fifa world cup germany 2006,6931730
fifaworldcut2006.com,6836490
teams qualifying for the fifa world cup 2006,6758044
www.2006fifaworldcup.com,6161034
fifa world cup 2006,5731334
free fifa 2006 world cup cursors,5606823
fifa world cup germany 2006 game,5531703
fifa2006 world cup,5158725
ps2 fifa world cup germany 2006,4803337
fifa world cup germany 2006 ps2,4437026
www. fifa 2006 world cup.com,4165954
fifa 2006 road to the world cup review,3586398
www fifaworldcup2006.com,2781602
www.2006 fifaworldcup,2531819
www.fifa world cup 2006.com,2288967
fifa 2006 world cup,2148770
fifa worldcup 2006,1816190
http www.2006 fifa world cup.com,1302267
world cup mascotsevery world cup has its own mascot. for 2006 we have the all-singing all-dancing goleo iv and his friend pille a talking football. have you ever wondered what kind of mascots there were in previous world cups check out mascots from over the years and vote for your favourite 2006 germany - goleo vimeet goleo vi the official mascot of the 2006 fifa world cup. along with his sidekick pille the talking football his job is to make the world cup a rrroaring success,1245327
"2006 fifa world cup panini album",1214432
fussball weltmeisterschaft,232282
world cup soocer,8013994
music world cup soocer 2006,7927987
www.worldcup2006usasoocer.com,1457205
www.worldcupsoccer,34510
italy soccer world cup,3203
soccer world cup eastern time for games,56617
world cup soccer final,346803
world cup soccer clothes,424064
"2006 fifa world cup soccer",462863
out ot 71natlons brdzll hds oppedred in the most world cup soccer tourndments-17timesl.,490015
video of 1972 world cup soccer,526897
soccer worldcup,672533
us world cup soccer team,10131433
soccer world cup polish national team,10031477
soccerworldcup.com,9987495
soccer world cup estern time,9768982
world cup soccer rules,9723876
"2006 soccer world cup",9678187
portugal world cup soccer team,9472071
world cup soccer information,9472505
africa world cup soccer,9465048
worlds women soccer cup 1999,9399477
world cup soccer matches in england,9277569
coke world cup soccer,9004417
worldcup soccer goldtrophy,8945640
soccer world cup christian,8931778
world cup soccer fan forum,8932178
us national soccer world cup 2006 team,8827346
last years world cup of soccer,8827567
www.worldcup2006usasoccerteam.com,8777432
worldcupsoccer.org,8722312
u.s. soccer world cup,8631676
world cup soccer packeges,8624335
world cup soccer 2006 tv schedule,8541517
world cup soccer television broadcasts,8362839
worldcup 2006 soccer,8093965
world cup soccer jerseys,8096897
worldcupsoccer,8101056
world cup soccer in munich,8059532
soccer world cup england,8017202
friisco world cup soccer texas,7936514
worldcupsoccer game,7815336
best of world cup soccer,7819891
www.world cup soccer.com,7357774
u.s.world cup soccer team,7145909
world cup soccer groups,7031988
soccer world cup eastern time,6998742
worldcup soccer,6971539
world cup soccer sleeepng bag,6842061
worldcup soccer statue,6828698
world cup of soccer,6831206
worldcup soccer 2006 fixtures,6825570
www.worldcupsoccerpools.com,6748058
world cup soccer on television,6669255
"2006worldcupsoccer.com",6541667
www.world cup slime soccer.com,6491984
world cup soccer history,6438060
worldcup soccer 2006,6432503
world cup soccer t-shirts,6308419
portugal soccer world cup,6197568
soccer world cup fixture,6185408
world cup soccer start date,6147047
world cup soccer results,5958099
worldcup soccer medal,5898494
world cup soccer clothing line,5842317
world soccer cup,5805885
"2006 world cup soccer schedule",5465725
www.worldcupsoccer2006,5466394
pedro kozak world cup soccer,5451523
women's world cup soccer,5419451
"2006 world cup soccer bal",5363959
world soccer cup 2006,5312587
friendly international soccer scores world cup,5244013
"1973 world cup soccer",5126224
soccer. com worldcuptrivia,5082635
world cup soccer france,5022328
worlcupsoccergermany.com,5003079
world soccer cup song,4688095
usa world cup soccer,4636439
world cup soccer schedule,4533686
soccer world cup schedule,4423591
world cup soccer games,4414204
world cup soccer trip packages,4349580
worldcup soccer trophy,4320248
"2006 world cup soccer",4320932
worlcupsoccer2006.com,4305532
www.worldcupsoccer.com,4053453
espn world cup soccer,3680868
soccer world cups,3462209
the new world cup 2006 soccer ball,3199871
worldcupsoccer.com,3029843
portuguese world cup soccer team,3017978
world cup soccer 2004,2998520
world cup soccer munich,2998587
music world cup soccer 2006,2853976
worldcupsoccer2006gametimes,2777707
"2006 world cup soccer tv schedule",2703588
rules on advancement at world cup soccer,2650883
world cup soccer balls,2547687
world soccer cup song in spanish,2468677
world cup soccer texas,2329469
world cup soccer tv,2313582
soccer tickets world cup germany,2192651
worldcupsoccer2006,2193164
world cup soccer 2006,2044158
world cup soccer championships,1903181
soccer world cup,1738648
us mens world cup soccer team,1502583
world cup soccer,1487555
world cup soccer highlights,1180801
world cup soccer sleeping bag,933552
world soccer cup germany 2006,763578
paninigroup.com 2006fifaworldcup home.asp,8640806
adidas 2006 teamgeist fifa world cup official match ball,194803
www.worlfifacup2006.com,235527
"2006fifaworldcup.com",616799
"2006 fifa world cup",662412
ps2 fifa world cup germany 2006 team roster,10016392
"2006 fifa world cup - preliminaries photos",9960687
spain's chances in 2006 fifa world cup,9691987
"2006 fifa world cup host cities",9513717
"2006 world cup fifa",9481664
where to buy 2006 fifa world cup panini album,9165497
fifa world cup germany 2006 sticker album,8853634
adidas 2006 fifa world cup track jackets,8789867
paninigroup.com 2006fifaworldcup home.asp,8640806
www.fifa2006worldcup.com,8629629
"2006 fifa world cup game for ps2",8084011
fifa wrold cup 2006,7464663
fifa world cup germany 2006,6931730
teams qualifying for the fifa world cup 2006,6758044
www.2006fifaworldcup.com,6161034
fifa world cup 2006,5731334
free fifa 2006 world cup cursors,5606823
fifa world cup germany 2006 game,5531703
fifa2006 world cup,5158725
ps2 fifa world cup germany 2006,4803337
fifa world cup germany 2006 ps2,4437026
www. fifa 2006 world cup.com,4165954
fifa 2006 road to the world cup review,3586398
www fifaworldcup2006.com,2781602
www.2006 fifaworldcup,2531819
www.fifa world cup 2006.com,2288967
fifa 2006 world cup,2148770
fifa worldcup 2006,1816190
http www.2006 fifa world cup.com,1302267
world cup mascotsevery world cup has its own mascot. for 2006 we have the all-singing all-dancing goleo iv and his friend pille a talking football. have you ever wondered what kind of mascots there were in previous world cups check out mascots from over the years and vote for your favourite 2006 germany - goleo vimeet goleo vi the official mascot of the 2006 fifa world cup. along with his sidekick pille the talking football his job is to make the world cup a rrroaring success,1245327
"2006 fifa world cup panini album",1214432
"2006 fifa world cup soccer",462863
www.worldsoccershop.cpm,1716433
fifaworlscup,7287644
paninigroup.com 2006fifaworldcup home.asp,8640806
fifa world cup 2005,6805874
fussball weltmeisterschaft,232282
free fifa world cup cursors,220943
free fifa 2006 world cup cursors,5606823
italy qualifications for 2006 world cup,5265247
qualifications for 2006 world cup,4957519
italy quilifications for 2006 world cup,3171128
adidas 2006 teamgeist fifa world cup official match ball,194803
www.worlfifacup2006.com,235527
"2006 fifa world cup soccer",462863
ps2 fifa world cup germany 2006 team roster,10016392
"2006 fifa world cup - preliminaries photos",9960687
spain's chances in 2006 fifa world cup,9691987
"2006 fifa world cup host cities",9513717
"2006 world cup fifa",9481664
where to buy 2006 fifa world cup panini album,9165497
fifa world cup germany 2006 sticker album,8853634
adidas 2006 fifa world cup track jackets,8789867
paninigroup.com 2006fifaworldcup home.asp,8640806
www.fifa2006worldcup.com,8629629
"2006 fifa world cup game for ps2",8084011
fifa wrold cup 2006,7464663
fifa world cup germany 2006,6931730
teams qualifying for the fifa world cup 2006,6758044
www.2006fifaworldcup.com,6161034
fifa world cup 2006,5731334
free fifa 2006 world cup cursors,5606823
fifa world cup germany 2006 game,5531703
fifa2006 world cup,5158725
ps2 fifa world cup germany 2006,4803337
fifa world cup germany 2006 ps2,4437026
www. fifa 2006 world cup.com,4165954
fifa 2006 road to the world cup review,3586398
www fifaworldcup2006.com,2781602
www.2006 fifaworldcup,2531819
www.fifa world cup 2006.com,2288967
fifa 2006 world cup,2148770
fifa worldcup 2006,1816190
"2006fifaworldcup.com",616799
"2006 fifa world cup",662412
http www.2006 fifa world cup.com,1302267
world cup mascotsevery world cup has its own mascot. for 2006 we have the all-singing all-dancing goleo iv and his friend pille a talking football. have you ever wondered what kind of mascots there were in previous world cups check out mascots from over the years and vote for your favourite 2006 germany - goleo vimeet goleo vi the official mascot of the 2006 fifa world cup. along with his sidekick pille the talking football his job is to make the world cup a rrroaring success,1245327
"2006 fifa world cup panini album",1214432
adidas 2006 teamgeist fifa world cup official match ball,194803
free fifa world cup cursors,220943
casio fifa world cup watch,333052
fifa worldcup,337204
"2006 fifa world cup soccer",462863
fifa worldcup .com,541939
fifa.worldcup.com,568205
"2006 fifa world cup",662412
ps2 fifa world cup germany 2006 team roster,10016392
"2006 fifa world cup - preliminaries photos",9960687
fifaworldcup.com,9756366
spain's chances in 2006 fifa world cup,9691987
fifa world cup ranking,9633936
"2006 fifa world cup host cities",9513717
"2006 world cup fifa",9481664
fifa 06 world cup commercial on espn and espn 2,9427909
where to buy 2006 fifa world cup panini album,9165497
juan pirata fuente fifa world cup 1930,9125651
fifa world cup 1998 3rd place finish,9107147
fifa world cup 1998 bracet board,8955932
www.fifa.worldcup.com,8868998
fifa world cup germany 2006 sticker album,8853634
adidas 2006 fifa world cup track jackets,8789867
paninigroup.com 2006fifaworldcup home.asp,8640806
www.fifa2006worldcup.com,8629629
fifasworldcup,8415458
fifaworldcupgames1990,8297061
fifa world cup,8088567
"2006 fifa world cup game for ps2",8084011
fifa world cup 1998 final four standing,8066498
fifa world cup 1940,7958957
fifa world cup shirts,7960447
www.fifaworldcup.html,7905953
fifaworldcuptickets,7757825
the head of fifa said bird flu could force the cancellation of june;s world cup in germany in what sport,7631218
fifa world cup sticker album,7412721
fifa world cup tickets,7243714
mexican players fifa world cup,7148570
"1930 fifa world cup penalty shot by mexico",7095843
www fifa world cup calendar.com,6987516
fifa world cup germany 2006,6931730
fifa world cup schedule,6892893
www.population fifa world cup.yahoo.com,6852443
www.fifa world cup.com,6804543
fifa world cup 2005,6805874
http www.fifaworldcup.com 06 en tickets taf.html,6788053
teams qualifying for the fifa world cup 2006,6758044
structure of fifa world cup,6737976
www.fifaworldcup..com,6603245
fifa 06 world cup commercial,6402547
fifa geremay world cup tour ticket price,6314987
fifa world cup 1994,6279169
www.2006fifaworldcup.com,6161034
fifaworldcup.yahoo.com,6030550
www.worldcup.fifa.com,6017999
fifa world cup 2006,5731334
free fifa 2006 world cup cursors,5606823
fifa world cup germany 2006 game,5531703
fifa2006 world cup,5158725
ps2 fifa world cup germany 2006,4803337
fifa world cup 1930 first mexican to score penalty shot,4622059
www.fifaworldcup.c,4595724
fifa world cup germany 2006 ps2,4437026
www.fifa world cup.yahoo.com,4333608
www. fifa 2006 world cup.com,4165954
"1930 fifa world cup penal shot by mexico",4063374
fifa world cup.com,3889382
msn.comfifaworldcup.com,3854836
tournament structure of fifa world cup,3632991
fifa world cup germany,3614245
fifa 2006 road to the world cup review,3586398
"1930 fifa world cup",3514318
"2002 fifa world cup",3485260
fifaworldcupespn,3447881
www.fifaworldcup.com 06 de tickets selfservice.html,3396350
fifa world cup 1998,3352684
http fifa world cup.com,2875931
fifa world cup 1998 4th place finish,3163826
www fifaworldcup2006.com,2781602
fifaworldcup,2678957
fifaworldcup.yahoo.com',2633932
espn fifa 06 world cup commercial,2536656
fifa world cupc,2544610
www.2006 fifaworldcup,2531819
world cup fifa,2515122
fifa world cup 1990,2312155
www.fifa world cup 2006.com,2288967
fifa 2006 world cup,2148770
fifa world cup 2002,1892555
fifa worldcup 2006,1816190
www.fifaworldcup.com,1544263
fifa.worldcup.co,1515710
fifa world cup 1998 standing,1482162
history of fifa world cup,1468468
www.fifaworldcup,1409014
http www.2006 fifa world cup.com,1302267
world cup mascotsevery world cup has its own mascot. for 2006 we have the all-singing all-dancing goleo iv and his friend pille a talking football. have you ever wondered what kind of mascots there were in previous world cups check out mascots from over the years and vote for your favourite 2006 germany - goleo vimeet goleo vi the official mascot of the 2006 fifa world cup. along with his sidekick pille the talking football his job is to make the world cup a rrroaring success,1245327
"2006 fifa world cup panini album",1214432
wwwfifaworldcup.yahoo.com,941964
channels to watch fifa world cup,853340
official fifa worldcup site,811257
http www.the fifa world cup.com,792619
"2006fifaworldcup.com",616799
worlcupsoccergermany.com,5003079
worlcupsoccer2006.com,4305532
adidas 2006 teamgeist fifa world cup official match ball,194803
free fifa world cup cursors,220943
casio fifa world cup watch,333052
fifa worldcup,337204
"2006 fifa world cup soccer",462863
fifa worldcup .com,541939
fifa.worldcup.com,568205
"2006fifaworldcup.com",616799
ps2 fifa world cup germany 2006 team roster,10016392
"2006 fifa world cup - preliminaries photos",9960687
fifaworldcup.com,9756366
spain's chances in 2006 fifa world cup,9691987
fifa world cup ranking,9633936
"2006 fifa world cup host cities",9513717
"2006 world cup fifa",9481664
fifa 06 world cup commercial on espn and espn 2,9427909
where to buy 2006 fifa world cup panini album,9165497
juan pirata fuente fifa world cup 1930,9125651
fifa world cup 1998 3rd place finish,9107147
fifa world cup 1998 bracet board,8955932
www.fifa.worldcup.com,8868998
fifa world cup germany 2006 sticker album,8853634
adidas 2006 fifa world cup track jackets,8789867
paninigroup.com 2006fifaworldcup home.asp,8640806
www.fifa2006worldcup.com,8629629
fifasworldcup,8415458
fifaworldcupgames1990,8297061
fifa world cup,8088567
"2006 fifa world cup game for ps2",8084011
fifa world cup 1998 final four standing,8066498
fifa world cup 1940,7958957
fifa world cup shirts,7960447
www.fifaworldcup.html,7905953
fifaworldcuptickets,7757825
the head of fifa said bird flu could force the cancellation of june;s world cup in germany in what sport,7631218
fifa world cup sticker album,7412721
fifa world cup tickets,7243714
mexican players fifa world cup,7148570
"1930 fifa world cup penalty shot by mexico",7095843
www fifa world cup calendar.com,6987516
fifa world cup germany 2006,6931730
fifa world cup schedule,6892893
www.population fifa world cup.yahoo.com,6852443
history of fifa world cup,1468468
www.fifa world cup.com,6804543
fifa world cup 2005,6805874
http www.fifaworldcup.com 06 en tickets taf.html,6788053
teams qualifying for the fifa world cup 2006,6758044
structure of fifa world cup,6737976
www.fifaworldcup..com,6603245
fifa 06 world cup commercial,6402547
fifa geremay world cup tour ticket price,6314987
fifa world cup 1994,6279169
www.2006fifaworldcup.com,6161034
fifaworldcup.yahoo.com,6030550
www.worldcup.fifa.com,6017999
fifa world cup 2006,5731334
free fifa 2006 world cup cursors,5606823
fifa world cup germany 2006 game,5531703
fifa2006 world cup,5158725
ps2 fifa world cup germany 2006,4803337
fifa world cup 1930 first mexican to score penalty shot,4622059
www.fifaworldcup.c,4595724
fifa world cup germany 2006 ps2,4437026
www.fifa world cup.yahoo.com,4333608
www. fifa 2006 world cup.com,4165954
"1930 fifa world cup penal shot by mexico",4063374
fifa world cup.com,3889382
msn.comfifaworldcup.com,3854836
tournament structure of fifa world cup,3632991
fifa world cup germany,3614245
fifa 2006 road to the world cup review,3586398
"1930 fifa world cup",3514318
"2002 fifa world cup",3485260
fifaworldcupespn,3447881
www.fifaworldcup.com 06 de tickets selfservice.html,3396350
fifa world cup 1998,3352684
fifa world cup 1998 4th place finish,3163826
http fifa world cup.com,2875931
www fifaworldcup2006.com,2781602
fifaworldcup,2678957
fifaworldcup.yahoo.com',2633932
fifa world cupc,2544610
espn fifa 06 world cup commercial,2536656
www.2006 fifaworldcup,2531819
world cup fifa,2515122
www.fifa world cup 2006.com,2288967
fifa world cup 1990,2312155
fifa 2006 world cup,2148770
fifa world cup 2002,1892555
fifa worldcup 2006,1816190
www.fifaworldcup.com,1544263
fifa.worldcup.co,1515710
fifa world cup 1998 standing,1482162
www.fifaworldcup,1409014
http www.2006 fifa world cup.com,1302267
world cup mascotsevery world cup has its own mascot. for 2006 we have the all-singing all-dancing goleo iv and his friend pille a talking football. have you ever wondered what kind of mascots there were in previous world cups check out mascots from over the years and vote for your favourite 2006 germany - goleo vimeet goleo vi the official mascot of the 2006 fifa world cup. along with his sidekick pille the talking football his job is to make the world cup a rrroaring success,1245327
"2006 fifa world cup panini album",1214432
"2006 fifa world cup",662412
wwwfifaworldcup.yahoo.com,941964
channels to watch fifa world cup,853340
official fifa worldcup site,811257
http www.the fifa world cup.com,792619
adidas 2006 teamgeist fifa world cup official match ball,194803
free fifa world cup cursors,220943
casio fifa world cup watch,333052
fifa worldcup,337204
"2006 fifa world cup soccer",462863
fifa worldcup .com,541939
fifa.worldcup.com,568205
"2006fifaworldcup.com",616799
"2006 fifa world cup",662412
ps2 fifa world cup germany 2006 team roster,10016392
"2006 fifa world cup - preliminaries photos",9960687
fifaworldcup.com,9756366
spain's chances in 2006 fifa world cup,9691987
fifa world cup ranking,9633936
"2006 fifa world cup host cities",9513717
"2006 world cup fifa",9481664
fifa 06 world cup commercial on espn and espn 2,9427909
where to buy 2006 fifa world cup panini album,9165497
juan pirata fuente fifa world cup 1930,9125651
fifa world cup 1998 3rd place finish,9107147
fifa world cup 1998 bracet board,8955932
www.fifa.worldcup.com,8868998
fifa world cup germany 2006 sticker album,8853634
adidas 2006 fifa world cup track jackets,8789867
paninigroup.com 2006fifaworldcup home.asp,8640806
www.fifa2006worldcup.com,8629629
fifasworldcup,8415458
fifaworldcupgames1990,8297061
fifa world cup,8088567
"2006 fifa world cup game for ps2",8084011
fifa world cup 1998 final four standing,8066498
fifa world cup 1940,7958957
fifa world cup shirts,7960447
www.fifaworldcup.html,7905953
fifaworldcuptickets,7757825
the head of fifa said bird flu could force the cancellation of june;s world cup in germany in what sport,7631218
fifa world cup sticker album,7412721
fifa world cup tickets,7243714
mexican players fifa world cup,7148570
"1930 fifa world cup penalty shot by mexico",7095843
www fifa world cup calendar.com,6987516
fifa world cup germany 2006,6931730
fifa world cup schedule,6892893
www.population fifa world cup.yahoo.com,6852443
fifa world cup 2005,6805874
www.fifa world cup.com,6804543
http www.fifaworldcup.com 06 en tickets taf.html,6788053
teams qualifying for the fifa world cup 2006,6758044
structure of fifa world cup,6737976
www.fifaworldcup..com,6603245
fifa 06 world cup commercial,6402547
fifa geremay world cup tour ticket price,6314987
fifa world cup 1994,6279169
www.2006fifaworldcup.com,6161034
fifaworldcup.yahoo.com,6030550
www.worldcup.fifa.com,6017999
fifa world cup 2006,5731334
free fifa 2006 world cup cursors,5606823
fifa world cup germany 2006 game,5531703
fifa2006 world cup,5158725
ps2 fifa world cup germany 2006,4803337
fifa world cup 1930 first mexican to score penalty shot,4622059
www.fifaworldcup.c,4595724
fifa world cup germany 2006 ps2,4437026
www.fifa world cup.yahoo.com,4333608
www. fifa 2006 world cup.com,4165954
"1930 fifa world cup penal shot by mexico",4063374
fifa world cup.com,3889382
msn.comfifaworldcup.com,3854836
tournament structure of fifa world cup,3632991
fifa world cup germany,3614245
fifa 2006 road to the world cup review,3586398
"1930 fifa world cup",3514318
"2002 fifa world cup",3485260
fifaworldcupespn,3447881
www.fifaworldcup.com 06 de tickets selfservice.html,3396350
fifa world cup 1998,3352684
fifa world cup 1998 4th place finish,3163826
http fifa world cup.com,2875931
www fifaworldcup2006.com,2781602
fifaworldcup,2678957
fifaworldcup.yahoo.com',2633932
fifa world cupc,2544610
www.2006 fifaworldcup,2531819
espn fifa 06 world cup commercial,2536656
world cup fifa,2515122
fifa world cup 1990,2312155
www.fifa world cup 2006.com,2288967
fifa 2006 world cup,2148770
fifa world cup 2002,1892555
fifa worldcup 2006,1816190
www.fifaworldcup.com,1544263
fifa.worldcup.co,1515710
fifa world cup 1998 standing,1482162
history of fifa world cup,1468468
www.fifaworldcup,1409014
http www.2006 fifa world cup.com,1302267
channels to watch fifa world cup,853340
world cup mascotsevery world cup has its own mascot. for 2006 we have the all-singing all-dancing goleo iv and his friend pille a talking football. have you ever wondered what kind of mascots there were in previous world cups check out mascots from over the years and vote for your favourite 2006 germany - goleo vimeet goleo vi the official mascot of the 2006 fifa world cup. along with his sidekick pille the talking football his job is to make the world cup a rrroaring success,1245327
"2006 fifa world cup panini album",1214432
wwwfifaworldcup.yahoo.com,941964
official fifa worldcup site,811257
http www.the fifa world cup.com,792619
italy soccer world cup,3203
www.worldcupsoccer,34510
soccer world cup eastern time for games,56617
world cup soccer final,346803
world cup soccer clothes,424064
"2006 fifa world cup soccer",462863
out ot 71natlons brdzll hds oppedred in the most world cup soccer tourndments-17timesl.,490015
video of 1972 world cup soccer,526897
soccer worldcup,672533
us world cup soccer team,10131433
soccer world cup polish national team,10031477
soccerworldcup.com,9987495
soccer world cup estern time,9768982
world cup soccer rules,9723876
"2006 soccer world cup",9678187
portugal world cup soccer team,9472071
world cup soccer information,9472505
africa world cup soccer,9465048
worlds women soccer cup 1999,9399477
world cup soccer matches in england,9277569
coke world cup soccer,9004417
worldcup soccer goldtrophy,8945640
soccer world cup christian,8931778
world cup soccer fan forum,8932178
us national soccer world cup 2006 team,8827346
last years world cup of soccer,8827567
www.worldcup2006usasoccerteam.com,8777432
worldcupsoccer.org,8722312
u.s. soccer world cup,8631676
world cup soccer packeges,8624335
world cup soccer 2006 tv schedule,8541517
world cup soccer television broadcasts,8362839
world cup soccer jerseys,8096897
worldcupsoccer,8101056
worldcup 2006 soccer,8093965
world cup soccer in munich,8059532
soccer world cup england,8017202
friisco world cup soccer texas,7936514
best of world cup soccer,7819891
worldcupsoccer game,7815336
www.world cup soccer.com,7357774
u.s.world cup soccer team,7145909
world cup soccer groups,7031988
soccer world cup eastern time,6998742
worldcup soccer,6971539
world cup soccer sleeepng bag,6842061
worldcup soccer statue,6828698
world cup of soccer,6831206
worldcup soccer 2006 fixtures,6825570
www.worldcupsoccerpools.com,6748058
world cup soccer on television,6669255
"2006worldcupsoccer.com",6541667
www.world cup slime soccer.com,6491984
worldcup soccer 2006,6432503
world cup soccer history,6438060
world cup soccer t-shirts,6308419
portugal soccer world cup,6197568
soccer world cup fixture,6185408
world cup soccer start date,6147047
world cup soccer results,5958099
worldcup soccer medal,5898494
world cup soccer clothing line,5842317
world soccer cup,5805885
"2006 world cup soccer schedule",5465725
www.worldcupsoccer2006,5466394
pedro kozak world cup soccer,5451523
women's world cup soccer,5419451
"2006 world cup soccer bal",5363959
world soccer cup 2006,5312587
friendly international soccer scores world cup,5244013
"1973 world cup soccer",5126224
soccer. com worldcuptrivia,5082635
world cup soccer france,5022328
world soccer cup song,4688095
usa world cup soccer,4636439
world cup soccer schedule,4533686
soccer world cup schedule,4423591
www.worldcupsoccer.com,4053453
world cup soccer games,4414204
world cup soccer trip packages,4349580
worldcup soccer trophy,4320248
"2006 world cup soccer",4320932
espn world cup soccer,3680868
soccer world cups,3462209
the new world cup 2006 soccer ball,3199871
worldcupsoccer.com,3029843
portuguese world cup soccer team,3017978
world cup soccer 2004,2998520
world cup soccer munich,2998587
music world cup soccer 2006,2853976
worldcupsoccer2006gametimes,2777707
"2006 world cup soccer tv schedule",2703588
rules on advancement at world cup soccer,2650883
world cup soccer balls,2547687
world soccer cup song in spanish,2468677
world cup soccer texas,2329469
world cup soccer tv,2313582
soccer tickets world cup germany,2192651
worldcupsoccer2006,2193164
world cup soccer 2006,2044158
world cup soccer championships,1903181
soccer world cup,1738648
us mens world cup soccer team,1502583
world cup soccer,1487555
world cup soccer highlights,1180801
world cup soccer sleeping bag,933552
world soccer cup germany 2006,763578
world cup soccer final,346803
fifa world cup 1998 final four standing,8066498
kuala lumpur malaysia world cup showjumping finals,4995313
world cup finals dressage,4661933
adidas 2006 teamgeist fifa world cup official match ball,194803
free fifa world cup cursors,220943
casio fifa world cup watch,333052
fifa worldcup,337204
fifa worldcup .com,541939
"2006 fifa world cup soccer",462863
fifa.worldcup.com,568205
"2006fifaworldcup.com",616799
"2006 fifa world cup",662412
ps2 fifa world cup germany 2006 team roster,10016392
"2006 fifa world cup - preliminaries photos",9960687
fifaworldcup.com,9756366
spain's chances in 2006 fifa world cup,9691987
fifa world cup ranking,9633936
"2006 fifa world cup host cities",9513717
"2006 world cup fifa",9481664
fifa 06 world cup commercial on espn and espn 2,9427909
where to buy 2006 fifa world cup panini album,9165497
juan pirata fuente fifa world cup 1930,9125651
fifa world cup 1998 3rd place finish,9107147
fifa world cup 1998 bracet board,8955932
www.fifa.worldcup.com,8868998
fifa world cup germany 2006 sticker album,8853634
adidas 2006 fifa world cup track jackets,8789867
paninigroup.com 2006fifaworldcup home.asp,8640806
www.fifa2006worldcup.com,8629629
fifasworldcup,8415458
fifaworldcupgames1990,8297061
fifa world cup,8088567
"2006 fifa world cup game for ps2",8084011
fifa world cup 1998 final four standing,8066498
fifa world cup 1940,7958957
fifa world cup shirts,7960447
www.fifaworldcup.html,7905953
fifaworldcuptickets,7757825
the head of fifa said bird flu could force the cancellation of june;s world cup in germany in what sport,7631218
mexican players fifa world cup,7148570
fifa world cup sticker album,7412721
fifa world cup tickets,7243714
"1930 fifa world cup penalty shot by mexico",7095843
www fifa world cup calendar.com,6987516
fifa world cup germany 2006,6931730
fifa world cup schedule,6892893
fifaworldcut2006.com,6836490
www.population fifa world cup.yahoo.com,6852443
www.fifa world cup.com,6804543
fifa world cup 2005,6805874
http www.fifaworldcup.com 06 en tickets taf.html,6788053
teams qualifying for the fifa world cup 2006,6758044
structure of fifa world cup,6737976
www.fifaworldcup..com,6603245
fifa 06 world cup commercial,6402547
fifa geremay world cup tour ticket price,6314987
fifa world cup 1994,6279169
www.2006fifaworldcup.com,6161034
fifaworldcup.yahoo.com,6030550
www.worldcup.fifa.com,6017999
fifa world cup 2006,5731334
free fifa 2006 world cup cursors,5606823
fifa world cup germany 2006 game,5531703
fifa2006 world cup,5158725
ps2 fifa world cup germany 2006,4803337
fifa world cup 1930 first mexican to score penalty shot,4622059
www.fifaworldcup.c,4595724
fifa world cup germany 2006 ps2,4437026
www.fifa world cup.yahoo.com,4333608
www. fifa 2006 world cup.com,4165954
"1930 fifa world cup penal shot by mexico",4063374
fifa world cup.com,3889382
msn.comfifaworldcup.com,3854836
tournament structure of fifa world cup,3632991
fifa world cup germany,3614245
fifa 2006 road to the world cup review,3586398
"1930 fifa world cup",3514318
"2002 fifa world cup",3485260
fifaworldcupespn,3447881
www.fifaworldcup.com 06 de tickets selfservice.html,3396350
fifa world cup 1998,3352684
fifa world cup 1998 4th place finish,3163826
http fifa world cup.com,2875931
www fifaworldcup2006.com,2781602
fifaworldcup,2678957
fifaworldcup.yahoo.com',2633932
espn fifa 06 world cup commercial,2536656
fifa world cupc,2544610
www.2006 fifaworldcup,2531819
world cup fifa,2515122
fifa world cup 1990,2312155
www.fifa world cup 2006.com,2288967
fifa 2006 world cup,2148770
fifa world cup 2002,1892555
fifa worldcup 2006,1816190
www.fifaworldcup.com,1544263
fifa.worldcup.co,1515710
fifa world cup 1998 standing,1482162
history of fifa world cup,1468468
www.fifaworldcup,1409014
http www.2006 fifa world cup.com,1302267
world cup mascotsevery world cup has its own mascot. for 2006 we have the all-singing all-dancing goleo iv and his friend pille a talking football. have you ever wondered what kind of mascots there were in previous world cups check out mascots from over the years and vote for your favourite 2006 germany - goleo vimeet goleo vi the official mascot of the 2006 fifa world cup. along with his sidekick pille the talking football his job is to make the world cup a rrroaring success,1245327
"2006 fifa world cup panini album",1214432
wwwfifaworldcup.yahoo.com,941964
channels to watch fifa world cup,853340
official fifa worldcup site,811257
http www.the fifa world cup.com,792619
italy qualifications for 2006 world cup,5265247
qualifications for 2006 world cup,4957519
italy quilifications for 2006 world cup,3171128
wolrd cup soccer,4315165
fifa wold cup 1990,3992222
italy soccer world cup,3203
www.worldcupsoccer,34510
soccer world cup eastern time for games,56617
world cup soccer final,346803
world cup soccer clothes,424064
"2006 fifa world cup soccer",462863
out ot 71natlons brdzll hds oppedred in the most world cup soccer tourndments-17timesl.,490015
world cup soccer schedule,4533686
us world cup soccer team,10131433
worldcupsoccer,8101056
soccer world cup polish national team,10031477
soccerworldcup.com,9987495
soccer world cup estern time,9768982
world cup soccer rules,9723876
"2006 soccer world cup",9678187
worlds women soccer cup 1999,9399477
portugal world cup soccer team,9472071
world cup soccer information,9472505
africa world cup soccer,9465048
us national soccer world cup 2006 team,8827346
last years world cup of soccer,8827567
world cup soccer matches in england,9277569
soccer world cup christian,8931778
world cup soccer fan forum,8932178
coke world cup soccer,9004417
worldcup soccer goldtrophy,8945640
world cup soccer packeges,8624335
u.s. soccer world cup,8631676
worldcupsoccer.org,8722312
www.worldcup2006usasoccerteam.com,8777432
world cup soccer 2006 tv schedule,8541517
world cup soccer television broadcasts,8362839
world cup soccer jerseys,8096897
friisco world cup soccer texas,7936514
worldcup 2006 soccer,8093965
world cup soccer in munich,8059532
soccer world cup england,8017202
best of world cup soccer,7819891
worldcupsoccer game,7815336
world occer cup 2006,7834639
world cup soccer groups,7031988
www.world cup soccer.com,7357774
u.s.world cup soccer team,7145909
worldcup soccer 2006 fixtures,6825570
worldcup soccer statue,6828698
world cup of soccer,6831206
world cup soccer sleeepng bag,6842061
soccer world cup eastern time,6998742
worldcup soccer,6971539
www.worldcupsoccerpools.com,6748058
world cup soccer on television,6669255
world cup soccer history,6438060
"2006worldcupsoccer.com",6541667
www.world cup slime soccer.com,6491984
worldcup soccer 2006,6432503
portugal soccer world cup,6197568
world cup soccer t-shirts,6308419
soccer world cup fixture,6185408
world cup soccer start date,6147047
world soccer cup,5805885
world cup soccer clothing line,5842317
world cup soccer results,5958099
worldcup soccer medal,5898494
"2006 world cup soccer schedule",5465725
www.worldcupsoccer2006,5466394
world cup soccer france,5022328
world soccer cup 2006,5312587
"2006 world cup soccer bal",5363959
pedro kozak world cup soccer,5451523
women's world cup soccer,5419451
soccer. com worldcuptrivia,5082635
"1973 world cup soccer",5126224
friendly international soccer scores world cup,5244013
usa world cup soccer,4636439
world soccer cup song,4688095
soccer worldcup,672533
scoccerworldcup.com,693914
world cup soccer trip packages,4349580
world cup soccer games,4414204
soccer world cup schedule,4423591
worldcup soccer trophy,4320248
"2006 world cup soccer",4320932
www.worldcupsoccer.com,4053453
espn world cup soccer,3680868
soccer world cups,3462209
the new world cup 2006 soccer ball,3199871
worldcupsoccer.com,3029843
portuguese world cup soccer team,3017978
world cup soccer 2004,2998520
world cup soccer munich,2998587
music world cup soccer 2006,2853976
"2006 world cup soccer tv schedule",2703588
worldcupsoccer2006gametimes,2777707
world cup soccer balls,2547687
rules on advancement at world cup soccer,2650883
world soccer cup song in spanish,2468677
world cup soccer texas,2329469
world cup soccer tv,2313582
world cup soccer 2006,2044158
soccer tickets world cup germany,2192651
worldcupsoccer2006,2193164
world cup soccer championships,1903181
soccer world cup,1738648
world cup soccer sleeping bag,933552
world cup soccer,1487555
us mens world cup soccer team,1502583
world cup soccer highlights,1180801
world soccer cup germany 2006,763578
video of 1972 world cup soccer,526897
wordcup soccer shop.com,6538255
www.wordcupsoccer.com,5026899
italy soccer world cup,3203
soccer world cup eastern time for games,56617
world cup soccer clothes,424064
"2006 fifa world cup soccer",462863
out ot 71natlons brdzll hds oppedred in the most world cup soccer tourndments-17timesl.,490015
video of 1972 world cup soccer,526897
soccer worldcup,672533
us world cup soccer team,10131433
soccer world cup polish national team,10031477
soccerworldcup.com,9987495
soccer world cup estern time,9768982
world cup soccer rules,9723876
"2006 soccer world cup",9678187
portugal world cup soccer team,9472071
world cup soccer information,9472505
africa world cup soccer,9465048
worlds women soccer cup 1999,9399477
world cup soccer matches in england,9277569
coke world cup soccer,9004417
worldcup soccer goldtrophy,8945640
soccer world cup christian,8931778
world cup soccer fan forum,8932178
us national soccer world cup 2006 team,8827346
last years world cup of soccer,8827567
www.worldcup2006usasoccerteam.com,8777432
worldcupsoccer.org,8722312
u.s. soccer world cup,8631676
world cup soccer packeges,8624335
world cup soccer 2006 tv schedule,8541517
world cup soccer television broadcasts,8362839
worldcup 2006 soccer,8093965
world cup soccer jerseys,8096897
worldcupsoccer,8101056
world cup soccer in munich,8059532
soccer world cup england,8017202
friisco world cup soccer texas,7936514
worldcupsoccer game,7815336
best of world cup soccer,7819891
world cup soccer groups,7031988
www.world cup soccer.com,7357774
u.s.world cup soccer team,7145909
soccer world cup eastern time,6998742
worldcup soccer,6971539
world cup soccer sleeepng bag,6842061
worldcup soccer statue,6828698
world cup of soccer,6831206
worldcup soccer 2006 fixtures,6825570
www.worldcupsoccerpools.com,6748058
world cup soccer on television,6669255
"2006worldcupsoccer.com",6541667
www.world cup slime soccer.com,6491984
world cup soccer history,6438060
worldcup soccer 2006,6432503
world cup soccer t-shirts,6308419
portugal soccer world cup,6197568
soccer world cup fixture,6185408
world cup soccer start date,6147047
world cup soccer results,5958099
worldcup soccer medal,5898494
world cup soccer clothing line,5842317
world soccer cup,5805885
"2006 world cup soccer schedule",5465725
www.worldcupsoccer2006,5466394
pedro kozak world cup soccer,5451523
women's world cup soccer,5419451
"2006 world cup soccer bal",5363959
world soccer cup 2006,5312587
friendly international soccer scores world cup,5244013
"1973 world cup soccer",5126224
soccer. com worldcuptrivia,5082635
world cup soccer france,5022328
world soccer cup song,4688095
usa world cup soccer,4636439
world cup soccer schedule,4533686
soccer world cup schedule,4423591
world cup soccer games,4414204
world cup soccer trip packages,4349580
worldcup soccer trophy,4320248
"2006 world cup soccer",4320932
www.worldcupsoccer.com,4053453
espn world cup soccer,3680868
soccer world cups,3462209
the new world cup 2006 soccer ball,3199871
worldcupsoccer.com,3029843
portuguese world cup soccer team,3017978
world cup soccer 2004,2998520
world cup soccer munich,2998587
music world cup soccer 2006,2853976
worldcupsoccer2006gametimes,2777707
"2006 world cup soccer tv schedule",2703588
rules on advancement at world cup soccer,2650883
world cup soccer balls,2547687
world soccer cup song in spanish,2468677
world cup soccer texas,2329469
world cup soccer tv,2313582
soccer tickets world cup germany,2192651
worldcupsoccer2006,2193164
world cup soccer 2006,2044158
world cup soccer championships,1903181
soccer world cup,1738648
world cup soccer,1487555
us mens world cup soccer team,1502583
world cup soccer highlights,1180801
world cup soccer sleeping bag,933552
world soccer cup germany 2006,763578
world cup soccer final,346803
www.worldcupsoccer,34510
world cup soccer groups,7031988
www.worlfifacup2006.com,235527
fifaworldcut2006.com,6836490
adidas 2006 teamgeist fifa world cup official match ball,194803
www.worlfifacup2006.com,235527
"2006 fifa world cup soccer",462863
"2006fifaworldcup.com",616799
ps2 fifa world cup germany 2006 team roster,10016392
"2006 fifa world cup - preliminaries photos",9960687
spain's chances in 2006 fifa world cup,9691987
"2006 fifa world cup host cities",9513717
"2006 world cup fifa",9481664
where to buy 2006 fifa world cup panini album,9165497
fifa world cup germany 2006 sticker album,8853634
adidas 2006 fifa world cup track jackets,8789867
www.fifa2006worldcup.com,8629629
paninigroup.com 2006fifaworldcup home.asp,8640806
"2006 fifa world cup game for ps2",8084011
fifa wrold cup 2006,7464663
fifa world cup germany 2006,6931730
teams qualifying for the fifa world cup 2006,6758044
www.2006fifaworldcup.com,6161034
fifa 2006 road to the world cup review,3586398
fifa world cup 2006,5731334
free fifa 2006 world cup cursors,5606823
fifa world cup germany 2006 game,5531703
fifa2006 world cup,5158725
ps2 fifa world cup germany 2006,4803337
fifa world cup germany 2006 ps2,4437026
www. fifa 2006 world cup.com,4165954
www fifaworldcup2006.com,2781602
www.2006 fifaworldcup,2531819
www.fifa world cup 2006.com,2288967
fifa 2006 world cup,2148770
fifa worldcup 2006,1816190
"2006 fifa world cup",662412
world cup mascotsevery world cup has its own mascot. for 2006 we have the all-singing all-dancing goleo iv and his friend pille a talking football. have you ever wondered what kind of mascots there were in previous world cups check out mascots from over the years and vote for your favourite 2006 germany - goleo vimeet goleo vi the official mascot of the 2006 fifa world cup. along with his sidekick pille the talking football his job is to make the world cup a rrroaring success,1245327
http www.2006 fifa world cup.com,1302267
"2006 fifa world cup panini album",1214432
fussball weltmeisterschaft,232282
fifa wrold cup 2006,7464663
italy soccer world cup,3203
www.worldcupsoccer,34510
soccer world cup eastern time for games,56617
world cup soccer final,346803
world cup soccer clothes,424064
"2006 fifa world cup soccer",462863
video of 1972 world cup soccer,526897
usa pro soccer world cuo clothing k,610122
soccer worldcup,672533
us world cup soccer team,10131433
soccer world cup polish national team,10031477
soccerworldcup.com,9987495
soccer world cup estern time,9768982
world cub soccer tournament,9730038
world cup soccer rules,9723876
"2006 soccer world cup",9678187
portugal world cup soccer team,9472071
world cup soccer information,9472505
africa world cup soccer,9465048
worlds women soccer cup 1999,9399477
world cup soccer matches in england,9277569
coke world cup soccer,9004417
worldcup soccer goldtrophy,8945640
soccer world cup christian,8931778
world cup soccer fan forum,8932178
us national soccer world cup 2006 team,8827346
last years world cup of soccer,8827567
www.worldcup2006usasoccerteam.com,8777432
worldcupsoccer.org,8722312
u.s. soccer world cup,8631676
world cup soccer packeges,8624335
world cup soccer 2006 tv schedule,8541517
world cup soccer television broadcasts,8362839
worldcupsoccer,8101056
worldcup 2006 soccer,8093965
world cup soccer jerseys,8096897
world cup soccer in munich,8059532
soccer world cup england,8017202
friisco world cup soccer texas,7936514
worldcupsoccer game,7815336
best of world cup soccer,7819891
www.world cup soccer.com,7357774
u.s.world cup soccer team,7145909
world cup soccer groups,7031988
soccer world cup eastern time,6998742
worldcup soccer,6971539
world cup of soccer,6831206
world cup soccer sleeepng bag,6842061
worldcup soccer 2006 fixtures,6825570
worldcup soccer statue,6828698
www.worldcupsoccerpools.com,6748058
world cup soccer on television,6669255
"2006worldcupsoccer.com",6541667
www.world cup slime soccer.com,6491984
worldcup soccer 2006,6432503
world cup soccer history,6438060
world cup soccer t-shirts,6308419
portugal soccer world cup,6197568
soccer world cup fixture,6185408
world cup soccer start date,6147047
world cup soccer results,5958099
worldcup soccer medal,5898494
world cup soccer clothing line,5842317
world soccer cup,5805885
"2006 world cup soccer schedule",5465725
www.worldcupsoccer2006,5466394
pedro kozak world cup soccer,5451523
women's world cup soccer,5419451
"2006 world cup soccer bal",5363959
world soccer cup 2006,5312587
friendly international soccer scores world cup,5244013
"1973 world cup soccer",5126224
soccer. com worldcuptrivia,5082635
world cup soccer france,5022328
world soccer cup song,4688095
usa world cup soccer,4636439
world cup soccer schedule,4533686
soccer world cup schedule,4423591
world cup soccer games,4414204
world cup soccer trip packages,4349580
worldcup soccer trophy,4320248
"2006 world cup soccer",4320932
www.worldcupsoccer.com,4053453
espn world cup soccer,3680868
soccer world cups,3462209
the new world cup 2006 soccer ball,3199871
portuguese world cup soccer team,3017978
worldcupsoccer.com,3029843
world cup soccer 2004,2998520
world cup soccer munich,2998587
music world cup soccer 2006,2853976
worldcupsoccer2006gametimes,2777707
"2006 world cup soccer tv schedule",2703588
rules on advancement at world cup soccer,2650883
world cup soccer balls,2547687
world soccer cup song in spanish,2468677
world cup soccer texas,2329469
world cup soccer tv,2313582
soccer tickets world cup germany,2192651
worldcupsoccer2006,2193164
world cup soccer 2006,2044158
world cup soccer championships,1903181
soccer world cup,1738648
www.world cuo soccer,1493125
us mens world cup soccer team,1502583
world cup soccer,1487555
world cup soccer highlights,1180801
world cup soccer sleeping bag,933552
world soccer cup germany 2006,763578
out ot 71natlons brdzll hds oppedred in the most world cup soccer tourndments-17timesl.,490015
fifa word cup 06 eliminations,7500388
fifa word cup 06,3120419
free fifa 2006 world cup cursors,5606823
www.wolrdcupfifa.com,4655698
fifa world cup tickets,7243714
fifa world cup sticker album,7412721
the head of fifa said bird flu could force the cancellation of june;s world cup in germany in what sport,7631218
fifaworldcuptickets,7757825
ps2 fifa world cup germany 2006 team roster,10016392
"2006 fifa world cup - preliminaries photos",9960687
fifaworldcup.com,9756366
spain's chances in 2006 fifa world cup,9691987
fifa world cup ranking,9633936
"2006 fifa world cup host cities",9513717
"2006 world cup fifa",9481664
fifa 06 world cup commercial on espn and espn 2,9427909
where to buy 2006 fifa world cup panini album,9165497
juan pirata fuente fifa world cup 1930,9125651
fifa world cup 1998 3rd place finish,9107147
fifa world cup 1998 bracet board,8955932
www.fifa.worldcup.com,8868998
fifa world cup germany 2006 sticker album,8853634
adidas 2006 fifa world cup track jackets,8789867
paninigroup.com 2006fifaworldcup home.asp,8640806
www.fifa2006worldcup.com,8629629
fifasworldcup,8415458
fifaworldcupgames1990,8297061
"2006 fifa world cup game for ps2",8084011
fifa world cup,8088567
fifa world cup 1998 final four standing,8066498
fifa world cup 1940,7958957
fifa world cup shirts,7960447
www.fifaworldcup.html,7905953
adidas 2006 teamgeist fifa world cup official match ball,194803
free fifa world cup cursors,220943
casio fifa world cup watch,333052
fifa.worldcup.com,568205
"2006fifaworldcup.com",616799
wwwfifaworldcup.yahoo.com,941964
mexican players fifa world cup,7148570
"1930 fifa world cup penalty shot by mexico",7095843
www fifa world cup calendar.com,6987516
fifa world cup germany 2006,6931730
fifa world cup schedule,6892893
www.population fifa world cup.yahoo.com,6852443
www.fifa world cup.com,6804543
fifa world cup 2005,6805874
http www.fifaworldcup.com 06 en tickets taf.html,6788053
teams qualifying for the fifa world cup 2006,6758044
structure of fifa world cup,6737976
www.fifaworldcup..com,6603245
fifa 06 world cup commercial,6402547
fifa geremay world cup tour ticket price,6314987
fifa world cup 1994,6279169
www.2006fifaworldcup.com,6161034
fifaworldcup.yahoo.com,6030550
www.worldcup.fifa.com,6017999
fifa world cup 2006,5731334
free fifa 2006 world cup cursors,5606823
fifa world cup germany 2006 game,5531703
fifa2006 world cup,5158725
ps2 fifa world cup germany 2006,4803337
fifa world cup 1930 first mexican to score penalty shot,4622059
www.fifaworldcup.c,4595724
fifa world cup germany 2006 ps2,4437026
www.fifa world cup.yahoo.com,4333608
www. fifa 2006 world cup.com,4165954
"1930 fifa world cup penal shot by mexico",4063374
fifa world cup.com,3889382
msn.comfifaworldcup.com,3854836
tournament structure of fifa world cup,3632991
fifa world cup germany,3614245
fifa 2006 road to the world cup review,3586398
"1930 fifa world cup",3514318
"2002 fifa world cup",3485260
fifaworldcupespn,3447881
www.fifaworldcup.com 06 de tickets selfservice.html,3396350
fifa world cup 1998,3352684
fifa world cup 1998 4th place finish,3163826
http fifa world cup.com,2875931
www fifaworldcup2006.com,2781602
fifaworldcup,2678957
fifaworldcup.yahoo.com',2633932
fifa world cupc,2544610
espn fifa 06 world cup commercial,2536656
www.2006 fifaworldcup,2531819
world cup fifa,2515122
fifa world cup 1990,2312155
www.fifa world cup 2006.com,2288967
fifa 2006 world cup,2148770
fifa world cup 2002,1892555
fifa worldcup 2006,1816190
www.fifaworldcup.com,1544263
fifa.worldcup.co,1515710
fifa world cup 1998 standing,1482162
history of fifa world cup,1468468
www.fifaworldcup,1409014
http www.2006 fifa world cup.com,1302267
world cup mascotsevery world cup has its own mascot. for 2006 we have the all-singing all-dancing goleo iv and his friend pille a talking football. have you ever wondered what kind of mascots there were in previous world cups check out mascots from over the years and vote for your favourite 2006 germany - goleo vimeet goleo vi the official mascot of the 2006 fifa world cup. along with his sidekick pille the talking football his job is to make the world cup a rrroaring success,1245327
"2006 fifa world cup panini album",1214432
"2006 fifa world cup",662412
http www.the fifa world cup.com,792619
official fifa worldcup site,811257
channels to watch fifa world cup,853340
"2006 fifa world cup soccer",462863
fifa worldcup .com,541939
fifa worldcup,337204
world cub soccer tournament,9730038
adidas 2006 teamgeist fifa world cup official match ball,194803
www.worlfifacup2006.com,235527
"2006 fifa world cup soccer",462863
"2006fifaworldcup.com",616799
"2006 fifa world cup",662412
ps2 fifa world cup germany 2006 team roster,10016392
"2006 fifa world cup - preliminaries photos",9960687
spain's chances in 2006 fifa world cup,9691987
"2006 fifa world cup host cities",9513717
"2006 world cup fifa",9481664
where to buy 2006 fifa world cup panini album,9165497
fifa world cup germany 2006 sticker album,8853634
adidas 2006 fifa world cup track jackets,8789867
paninigroup.com 2006fifaworldcup home.asp,8640806
www.fifa2006worldcup.com,8629629
"2006 fifa world cup game for ps2",8084011
fifa wrold cup 2006,7464663
fifa world cup germany 2006,6931730
teams qualifying for the fifa world cup 2006,6758044
www.2006fifaworldcup.com,6161034
fifa world cup 2006,5731334
free fifa 2006 world cup cursors,5606823
fifa world cup germany 2006 game,5531703
fifa2006 world cup,5158725
ps2 fifa world cup germany 2006,4803337
fifa world cup germany 2006 ps2,4437026
www. fifa 2006 world cup.com,4165954
fifa 2006 road to the world cup review,3586398
www fifaworldcup2006.com,2781602
www.2006 fifaworldcup,2531819
www.fifa world cup 2006.com,2288967
fifa 2006 world cup,2148770
fifa worldcup 2006,1816190
http www.2006 fifa world cup.com,1302267
world cup mascotsevery world cup has its own mascot. for 2006 we have the all-singing all-dancing goleo iv and his friend pille a talking football. have you ever wondered what kind of mascots there were in previous world cups check out mascots from over the years and vote for your favourite 2006 germany - goleo vimeet goleo vi the official mascot of the 2006 fifa world cup. along with his sidekick pille the talking football his job is to make the world cup a rrroaring success,1245327
"2006 fifa world cup panini album",1214432
usa pro soccer world cuo clothing k,610122
www.world cuo soccer,1493125
www.worlfifacup2006.com,235527
adidas 2006 teamgeist fifa world cup official match ball,194803
free fifa world cup cursors,220943
casio fifa world cup watch,333052
fifa worldcup,337204
"2006 fifa world cup soccer",462863
fifa worldcup .com,541939
fifa.worldcup.com,568205
"2006fifaworldcup.com",616799
fifa world cup 1940,7958957
fifa world cup shirts,7960447
ps2 fifa world cup germany 2006 team roster,10016392
"2006 fifa world cup - preliminaries photos",9960687
fifaworldcup.com,9756366
spain's chances in 2006 fifa world cup,9691987
fifa world cup ranking,9633936
"2006 fifa world cup host cities",9513717
"2006 world cup fifa",9481664
fifa 06 world cup commercial on espn and espn 2,9427909
where to buy 2006 fifa world cup panini album,9165497
juan pirata fuente fifa world cup 1930,9125651
fifa world cup 1998 3rd place finish,9107147
fifa world cup 1998 bracet board,8955932
www.fifa.worldcup.com,8868998
fifa world cup germany 2006 sticker album,8853634
adidas 2006 fifa world cup track jackets,8789867
paninigroup.com 2006fifaworldcup home.asp,8640806
www.fifa2006worldcup.com,8629629
fifasworldcup,8415458
www.fifaworlccup.com,8372610
fifaworldcupgames1990,8297061
fifa world cup 1998 final four standing,8066498
fifa world cup,8088567
"2006 fifa world cup game for ps2",8084011
"2006 fifa world cup",662412
http www.the fifa world cup.com,792619
www.fifaworldcup.html,7905953
fifaworldcuptickets,7757825
the head of fifa said bird flu could force the cancellation of june;s world cup in germany in what sport,7631218
fifa world cup sticker album,7412721
fifaworlscup,7287644
fifa world cup tickets,7243714
mexican players fifa world cup,7148570
"1930 fifa world cup penalty shot by mexico",7095843
www fifa world cup calendar.com,6987516
fifa world cup germany 2006,6931730
fifa world cup schedule,6892893
www.population fifa world cup.yahoo.com,6852443
www.fifa world cup.com,6804543
fifa world cup 2005,6805874
http www.fifaworldcup.com 06 en tickets taf.html,6788053
teams qualifying for the fifa world cup 2006,6758044
structure of fifa world cup,6737976
www.fifaworldcup..com,6603245
fifa 06 world cup commercial,6402547
fifa geremay world cup tour ticket price,6314987
fifa world cup 1994,6279169
www.2006fifaworldcup.com,6161034
fifaworldcup.yahoo.com,6030550
www.worldcup.fifa.com,6017999
fifa world cup 2006,5731334
free fifa 2006 world cup cursors,5606823
fifa world cup germany 2006 game,5531703
fifa2006 world cup,5158725
ps2 fifa world cup germany 2006,4803337
fifa world cup 1930 first mexican to score penalty shot,4622059
www.fifaworldcup.c,4595724
fifa world cup germany 2006 ps2,4437026
www.fifa world cup.yahoo.com,4333608
www. fifa 2006 world cup.com,4165954
"1930 fifa world cup penal shot by mexico",4063374
fifa world cup.com,3889382
msn.comfifaworldcup.com,3854836
tournament structure of fifa world cup,3632991
fifa world cup germany,3614245
fifa 2006 road to the world cup review,3586398
"1930 fifa world cup",3514318
"2002 fifa world cup",3485260
fifaworldcupespn,3447881
www.fifaworldcup.com 06 de tickets selfservice.html,3396350
fifa world cup 1998,3352684
fifa world cup 1998 4th place finish,3163826
http fifa world cup.com,2875931
www fifaworldcup2006.com,2781602
fifaworldcup,2678957
fifaworldcup.yahoo.com',2633932
fifa world cupc,2544610
espn fifa 06 world cup commercial,2536656
www.2006 fifaworldcup,2531819
world cup fifa,2515122
fifa world cup 1990,2312155
www.fifa world cup 2006.com,2288967
fifa 2006 world cup,2148770
fifa world cup 2002,1892555
fifa worldcup 2006,1816190
www.fifaworldcup.com,1544263
fifa.worldcup.co,1515710
fifa world cup 1998 standing,1482162
history of fifa world cup,1468468
www.fifaworldcup,1409014
http www.2006 fifa world cup.com,1302267
world cup mascotsevery world cup has its own mascot. for 2006 we have the all-singing all-dancing goleo iv and his friend pille a talking football. have you ever wondered what kind of mascots there were in previous world cups check out mascots from over the years and vote for your favourite 2006 germany - goleo vimeet goleo vi the official mascot of the 2006 fifa world cup. along with his sidekick pille the talking football his job is to make the world cup a rrroaring success,1245327
"2006 fifa world cup panini album",1214432
wwwfifaworldcup.yahoo.com,941964
channels to watch fifa world cup,853340
official fifa worldcup site,811257
"2006 smr cup finals",9434474
"2006 20manchester 20united 20cup 20united 20staes 20finals",8423126
"2006 20 manchester 20united 20 cup 20united 20staes 20 finals",8325593
u10 finalists in the 2006 jefferson cup tournament va,4584066
"2006-southtexascupdistfinals",4541194
"2006 stanly cup finals schedule",3812379
the 2006 stanley cup finals,1490862
"2006 stanley cup finals schedule",965778
italy soccer world cup,3203
www.worldcupsoccer,34510
soccer world cup eastern time for games,56617
us world cup soccer team,10131433
soccer world cup polish national team,10031477
soccerworldcup.com,9987495
soccer world cup estern time,9768982
world cup soccer rules,9723876
"2006 soccer world cup",9678187
portugal world cup soccer team,9472071
world cup soccer information,9472505
africa world cup soccer,9465048
worlds women soccer cup 1999,9399477
world cup soccer matches in england,9277569
coke world cup soccer,9004417
worldcup soccer goldtrophy,8945640
soccer world cup christian,8931778
world cup soccer fan forum,8932178
us national soccer world cup 2006 team,8827346
last years world cup of soccer,8827567
www.worldcup2006usasoccerteam.com,8777432
worldcupsoccer.org,8722312
u.s. soccer world cup,8631676
world cup soccer packeges,8624335
world cup soccer 2006 tv schedule,8541517
world cup soccer television broadcasts,8362839
worldcup 2006 soccer,8093965
world cup soccer jerseys,8096897
worldcupsoccer,8101056
world cup soccer in munich,8059532
soccer world cup england,8017202
friisco world cup soccer texas,7936514
best of world cup soccer,7819891
worldcupsoccer game,7815336
www.world cup soccer.com,7357774
u.s.world cup soccer team,7145909
world cup soccer groups,7031988
soccer world cup eastern time,6998742
worldcup soccer,6971539
world cup soccer sleeepng bag,6842061
worldcup soccer statue,6828698
world cup of soccer,6831206
worldcup soccer 2006 fixtures,6825570
www.worldcupsoccerpools.com,6748058
world cup soccer on television,6669255
"2006worldcupsoccer.com",6541667
www.world cup slime soccer.com,6491984
world cup soccer history,6438060
worldcup soccer 2006,6432503
world cup soccer t-shirts,6308419
portugal soccer world cup,6197568
soccer world cup fixture,6185408
world cup soccer start date,6147047
world cup soccer results,5958099
worldcup soccer medal,5898494
world cup soccer clothing line,5842317
world soccer cup,5805885
pedro kozak world cup soccer,5451523
"2006 world cup soccer schedule",5465725
www.worldcupsoccer2006,5466394
women's world cup soccer,5419451
"2006 world cup soccer bal",5363959
world soccer cup 2006,5312587
friendly international soccer scores world cup,5244013
"1973 world cup soccer",5126224
soccer. com worldcuptrivia,5082635
world cup soccer france,5022328
world soccer cup song,4688095
usa world cup soccer,4636439
world cup soccer schedule,4533686
soccer world cup schedule,4423591
world cup soccer games,4414204
world cup soccer trip packages,4349580
worldcup soccer trophy,4320248
"2006 world cup soccer",4320932
www.worldcupsoccer.com,4053453
espn world cup soccer,3680868
soccer world cups,3462209
the new world cup 2006 soccer ball,3199871
worldcupsoccer.com,3029843
portuguese world cup soccer team,3017978
world cup soccer 2004,2998520
world cup soccer munich,2998587
music world cup soccer 2006,2853976
worldcupsoccer2006gametimes,2777707
"2006 world cup soccer tv schedule",2703588
rules on advancement at world cup soccer,2650883
world cup soccer balls,2547687
world soccer cup song in spanish,2468677
world cup soccer texas,2329469
world cup soccer tv,2313582
soccer tickets world cup germany,2192651
worldcupsoccer2006,2193164
world cup soccer 2006,2044158
world cup soccer championships,1903181
soccer world cup,1738648
us mens world cup soccer team,1502583
world cup soccer,1487555
world cup soccer highlights,1180801
world cup soccer sleeping bag,933552
world soccer cup germany 2006,763578
soccer worldcup,672533
video of 1972 world cup soccer,526897
out ot 71natlons brdzll hds oppedred in the most world cup soccer tourndments-17timesl.,490015
"2006 fifa world cup soccer",462863
world cup soccer clothes,424064
world cup soccer final,346803
adidas 2006 teamgeist fifa world cup official match ball,194803
www.worlfifacup2006.com,235527
ps2 fifa world cup germany 2006 team roster,10016392
"2006 fifa world cup - preliminaries photos",9960687
spain's chances in 2006 fifa world cup,9691987
"2006 fifa world cup host cities",9513717
"2006 world cup fifa",9481664
where to buy 2006 fifa world cup panini album,9165497
fifa world cup germany 2006 sticker album,8853634
adidas 2006 fifa world cup track jackets,8789867
paninigroup.com 2006fifaworldcup home.asp,8640806
www.fifa2006worldcup.com,8629629
"2006 fifa world cup game for ps2",8084011
fifa wrold cup 2006,7464663
fifa world cup germany 2006,6931730
teams qualifying for the fifa world cup 2006,6758044
www.2006fifaworldcup.com,6161034
fifa world cup 2006,5731334
free fifa 2006 world cup cursors,5606823
fifa world cup germany 2006 game,5531703
fifa2006 world cup,5158725
ps2 fifa world cup germany 2006,4803337
fifa world cup germany 2006 ps2,4437026
www. fifa 2006 world cup.com,4165954
fifa 2006 road to the world cup review,3586398
www fifaworldcup2006.com,2781602
www.2006 fifaworldcup,2531819
www.fifa world cup 2006.com,2288967
fifa 2006 world cup,2148770
fifa worldcup 2006,1816190
http www.2006 fifa world cup.com,1302267
world cup mascotsevery world cup has its own mascot. for 2006 we have the all-singing all-dancing goleo iv and his friend pille a talking football. have you ever wondered what kind of mascots there were in previous world cups check out mascots from over the years and vote for your favourite 2006 germany - goleo vimeet goleo vi the official mascot of the 2006 fifa world cup. along with his sidekick pille the talking football his job is to make the world cup a rrroaring success,1245327
"2006 fifa world cup panini album",1214432
"2006 fifa world cup",662412
"2006fifaworldcup.com",616799
"2006 fifa world cup soccer",462863
scoccerworldcup.com,693914
"2002 fifa world cup",3485260
fifa world cup 2002,1892555
adidas 2006 teamgeist fifa world cup official match ball,194803
www.worlfifacup2006.com,235527
"2006 fifa world cup soccer",462863
"2006fifaworldcup.com",616799
"2006 fifa world cup",662412
ps2 fifa world cup germany 2006 team roster,10016392
"2006 fifa world cup - preliminaries photos",9960687
spain's chances in 2006 fifa world cup,9691987
"2006 fifa world cup host cities",9513717
"2006 world cup fifa",9481664
where to buy 2006 fifa world cup panini album,9165497
fifa world cup germany 2006 sticker album,8853634
adidas 2006 fifa world cup track jackets,8789867
paninigroup.com 2006fifaworldcup home.asp,8640806
www.fifa2006worldcup.com,8629629
"2006 fifa world cup game for ps2",8084011
fifa wrold cup 2006,7464663
fifa world cup germany 2006,6931730
fifa world cup 2005,6805874
teams qualifying for the fifa world cup 2006,6758044
www.2006fifaworldcup.com,6161034
fifa world cup 2006,5731334
free fifa 2006 world cup cursors,5606823
fifa world cup germany 2006 game,5531703
fifa2006 world cup,5158725
ps2 fifa world cup germany 2006,4803337
fifa world cup germany 2006 ps2,4437026
www. fifa 2006 world cup.com,4165954
fifa 2006 road to the world cup review,3586398
"2002 fifa world cup",3485260
www fifaworldcup2006.com,2781602
www.2006 fifaworldcup,2531819
www.fifa world cup 2006.com,2288967
fifa 2006 world cup,2148770
fifa world cup 2002,1892555
fifa worldcup 2006,1816190
http www.2006 fifa world cup.com,1302267
world cup mascotsevery world cup has its own mascot. for 2006 we have the all-singing all-dancing goleo iv and his friend pille a talking football. have you ever wondered what kind of mascots there were in previous world cups check out mascots from over the years and vote for your favourite 2006 germany - goleo vimeet goleo vi the official mascot of the 2006 fifa world cup. along with his sidekick pille the talking football his job is to make the world cup a rrroaring success,1245327
"2006 fifa world cup panini album",1214432
fussball weltmeisterschaft,232282
fussball weltmeisterschaft,232282
